{
  "description": "Query reliability weights derived from historical cost-latency correlation",
  "usage": "During evolution, weight cost reduction by these weights when computing fitness",
  "weights": {
    "tpch": {
      "0": 0,
      "1": 0.5272727272727272,
      "2": 0,
      "3": 0.17575757575757575,
      "4": 0.05454545454545454,
      "5": 0,
      "6": 0.4424242424242424,
      "7": 0.35757575757575755,
      "8": 0,
      "9": 0.4424242424242424,
      "10": 0.03067715595699244,
      "11": 0,
      "12": 0,
      "13": 0.28484848484848485,
      "14": 0,
      "15": 0.006060606060606061,
      "16": 0.2727272727272727,
      "17": 0
    },
    "tpcds": {
      "0": 0.18410202992625907,
      "1": 0.7,
      "2": 0.3666666666666667,
      "3": 0.5333333333333333,
      "4": 0.7833333333333333,
      "5": 0.5166666666666667,
      "6": 0,
      "7": 0.15,
      "8": 0.06666666666666667,
      "9": 0.8333333333333333,
      "10": 0.7607034407511525,
      "11": 0.3,
      "12": 0.33333333333333337,
      "13": 0.7166666666666667,
      "14": 0,
      "15": 0.5,
      "16": 0.8619322310183948,
      "17": 0.049999999999999996,
      "18": 0.7,
      "19": 0,
      "20": 0,
      "21": 0.26666666666666666,
      "22": 0.8833333333333333,
      "23": 0.41666666666666663,
      "24": 0.8166666666666667,
      "25": 0.3,
      "26": 0.6108840083916779,
      "27": 0.5499999999999999,
      "28": 0.8666666666666667,
      "29": 0.016666666666666666,
      "30": 0.326362689414732,
      "31": 0.45,
      "32": 0,
      "33": 0.13333333333333333,
      "34": 0.2333333333333333,
      "35": 0,
      "36": 0,
      "37": 0.31666666666666665,
      "38": 0.12659242088545833,
      "39": 0.7227145938617754,
      "40": 0,
      "41": 0.9666666666666667,
      "42": 0,
      "43": 0.7999999999999999,
      "44": 0.2333333333333333,
      "45": 0,
      "46": 0,
      "47": 0.11666666666666665,
      "48": 0,
      "49": 0.19999999999999998,
      "50": 0,
      "51": 0.18333333333333335,
      "52": 0.6333333333333333,
      "53": 0,
      "54": 0.9,
      "55": 0.2333333333333333,
      "56": 0,
      "57": 0,
      "58": 0.4666666666666666,
      "59": 0.5499999999999999,
      "60": 0,
      "61": 0.35,
      "62": 0.5833333333333334,
      "63": 0.09999999999999999,
      "64": 0.21666666666666667,
      "65": 0,
      "66": 0.5,
      "67": 0,
      "68": 0,
      "69": 0.4666666666666666,
      "70": 0,
      "71": 0.06666666666666667,
      "72": 0.016666666666666666,
      "73": 0.8200908605806086,
      "74": 0.06666666666666667,
      "75": 0.7833333333333333,
      "76": 0.35,
      "77": 0.8166666666666667,
      "78": 0
    },
    "job": {
      "0": 0,
      "1": 0,
      "2": 0.28484848484848485,
      "3": 0,
      "4": 0,
      "5": 0,
      "6": 0,
      "7": 0.5757575757575757,
      "8": 0.16363636363636364,
      "9": 0,
      "10": 0.2727272727272727,
      "11": 0,
      "12": 0.5030303030303029,
      "13": 0.29696969696969694,
      "14": 0,
      "15": 0.07878787878787878,
      "16": 0.10303030303030303,
      "17": 0.7696969696969697,
      "18": 0.6727272727272726,
      "19": 0,
      "20": 0,
      "21": 0,
      "22": 0,
      "23": 0.12727272727272726,
      "24": 0.406060606060606,
      "25": 0,
      "26": 0,
      "27": 0.12727272727272726,
      "28": 0,
      "29": 0.6,
      "30": 0.4545454545454545,
      "31": 0.5515151515151515,
      "32": 0
    }
  }
}